date,adjusted_close,daily_return
2020-09-28,15.145999908447266,0.036474371821779004
2020-09-29,14.968999862670898,-0.01168625688936194
2020-09-30,15.055999755859375,0.0058120044082192466
2020-10-01,14.895999908447266,-0.010626982598737218
2020-10-02,14.645999908447266,-0.016783029104224773
2020-10-05,14.821000099182129,0.011948668020537793
2020-10-06,15.003999710083008,0.012347318647611197
2020-10-07,15.309000015258789,0.020327933289069216
2020-10-08,16.393999099731445,0.0708732826044298
2020-10-09,16.472999572753906,0.004818865277585325
2020-10-12,16.645999908447266,0.010502054281571119
2020-10-13,16.607999801635742,-0.0022828371392841175
2020-10-14,16.423999786376953,-0.011078999124305546
2020-10-15,16.597000122070312,0.010533386382338862
2020-10-16,16.469999313354492,-0.007652033968894025
2020-10-19,16.413999557495117,-0.003400106751308016
2020-10-20,16.906999588012695,0.030035338358009138
2020-10-21,18.104999542236328,0.0708582234232165
2020-10-22,18.30500030517578,0.01104671460901617
2020-10-23,18.43000030517578,0.0068287352043723245
2020-10-26,17.5,-0.05046122028085941
2020-10-27,17.558000564575195,0.0033143179757254464
2020-10-28,16.21500015258789,-0.07648937058909348
2020-10-29,16.195999145507812,-0.0011718166451602278
2020-10-30,16.707000732421875,0.031551099893444734
2020-11-02,16.656999588012695,-0.002992825894365747
2020-11-03,17.19499969482422,0.032298740476568076
2020-11-04,17.253000259399414,0.0033731064614472644
2020-11-05,18.167999267578125,0.053034196627929714
2020-11-06,18.562000274658203,0.021686538031911767
2020-11-09,18.500999450683594,-0.0032863281473975
2020-11-10,18.61400032043457,0.0061078251503218816
2020-11-11,19.215999603271484,0.03234120943771744
2020-11-12,18.694000244140625,-0.02716482982451717
2020-11-13,19.226999282836914,0.028511770179491157
2020-11-16,20.39299964904785,0.06064390751040252
2020-11-17,20.81999969482422,0.020938559953160386
2020-11-18,21.29599952697754,0.022862624357850123
2020-11-19,21.711000442504883,0.01948727107180976
2020-11-20,22.211000442504883,0.023029800092542997
2020-11-23,22.076000213623047,-0.0060780796088539925
2020-11-24,24.722999572753906,0.11990393791975969
2020-11-25,27.027000427246094,0.0931926098899149
2020-11-27,27.125999450683594,0.003662967472250396
2020-11-30,34.277000427246094,0.2636216589756766
2020-12-01,32.400001525878906,-0.05475971870266685
2020-12-02,32.13199996948242,-0.008271652585646425
2020-12-03,33.15999984741211,0.03199302498773924
2020-12-04,32.79999923706055,-0.010856472014720406
2020-12-07,33.62200164794922,0.025061049695388277
2020-12-08,28.94499969482422,-0.1391053989615837
2020-12-09,28.621000289916992,-0.011193622674840184
2020-12-10,29.033000946044922,0.014395047411151283
2020-12-11,28.591999053955078,-0.015189676496391259
2020-12-14,27.952999114990234,-0.022348907390455867
2020-12-15,28.57900047302246,0.02239478330954919
2020-12-16,29.91200065612793,0.04664264533547185
2020-12-17,29.780000686645508,-0.004412943520559186
2020-12-18,30.1200008392334,0.011417063289067005
2020-12-21,31.760000228881836,0.05444884940083481
2020-12-22,33.150001525878906,0.043765783595084304
2020-12-23,33.71799850463867,0.017134146383563593
2020-12-24,32.26100158691406,-0.04321125162646195
2020-12-28,37,0.1468955760818103
2020-12-29,36.606998443603516,-0.01062166368639147
2020-12-30,38.99700164794922,0.06528814997022292
2020-12-31,38.85499954223633,-0.003641359584381233
2021-01-04,42.52199935913086,0.09437652451670765
2021-01-05,42.862998962402344,0.008019368995128416
2021-01-06,48.05500030517578,0.12113014647732995
2021-01-07,53.57500076293945,0.11486838877762193
2021-01-08,53.16400146484375,-0.007671475356842406
2021-01-11,49.54899978637695,-0.06799717062037405
2021-01-12,51.42399978637695,0.03784132894879372
2021-01-13,51.92599868774414,0.0097619575189127
2021-01-14,63.099998474121094,0.21519084983943318
2021-01-15,57.80699920654297,-0.08388271625313776
2021-01-19,59.22100067138672,0.02446073112689275
2021-01-20,55.082000732421875,-0.06989074639133289
2021-01-21,52.04600143432617,-0.055117810858832515
2021-01-22,57.702999114990234,0.10869226308964963
2021-01-25,57.141998291015625,-0.00972221258130188
2021-01-26,55.98099899291992,-0.020317793091220015
2021-01-27,54.0099983215332,-0.035208386896346686
2021-01-28,57.8380012512207,0.0708758201934866
2021-01-29,61.73099899291992,0.06730864928734125
2021-02-01,63.45600128173828,0.027943858303932586
2021-02-02,68.79199981689453,0.0840897382024586
2021-02-03,74.11900329589844,0.07743638058470362
2021-02-04,76.55899810791016,0.03291996254011611
2021-02-05,80.5999984741211,0.05278282718009364
2021-02-08,104.0999984741211,0.29156328095397344
2021-02-09,127.29399871826172,0.22280500080801224
2021-02-10,97.447998046875,-0.23446510418330493
2021-02-11,100.99400329589844,0.036388692637048504
2021-02-12,103.43099975585938,0.02413011050587702
2021-02-16,95.5,-0.07667913657007926
2021-02-17,94.18000030517578,-0.013821986333237894
2021-02-18,92.77799987792969,-0.014886392256350895
2021-02-19,96.37200164794922,0.03873765089512868
2021-02-22,87.5999984741211,-0.09102232000817627
2021-02-23,69.12300109863281,-0.2109246312481019
2021-02-24,81.76899719238281,0.1829491760015629
2021-02-25,73.16100311279297,-0.10527210036998866
2021-02-26,75.04100036621094,0.025696712366280166
2021-03-01,78.24400329589844,0.042683371944089
2021-03-02,74.8499984741211,-0.04337718775638437
2021-03-03,73.15699768066406,-0.022618581536008653
2021-03-04,64.56600189208984,-0.11743231763111135
2021-03-05,62.02399826049805,-0.03937062164450397
2021-03-08,62.41899871826172,0.00636851007419237
2021-03-09,71.5989990234375,0.14707061141129807
2021-03-10,75.654998779296875,0.056648833240415385
2021-03-11,80.375,0.06238849113556211
2021-03-12,78.4000015258789,-0.02457229827833398
2021-03-15,76.9010009765625,-0.019119904593644734
2021-03-16,72.42900085449219,-0.05815269067087002
2021-03-17,77.0989990234375,0.06447690999254851
2021-03-18,73.20500183105469,-0.05050645587757978
2021-03-19,77.7040023803711,0.06145755668033958
2021-03-22,72.45600128173828,-0.06753836273379037
2021-03-23,67.72100067138672,-0.0653500127883122
2021-03-24,62.15700149536133,-0.0821606166604723
2021-03-25,62.090999603271484,-0.0010618577232167378
2021-03-26,62.400001525878906,0.004976597648319081
2021-03-29,63.13399887084961,0.01176277767663668
2021-03-30,65.39800262451172,0.035860293885288025
2021-03-31,67.87999725341797,0.03795214730267584
2021-04-01,70.35600280761719,0.03647621765445113
2021-04-05,72.05500030517578,0.024148579080087385
2021-04-06,70.45800018310547,-0.02216362660893082
2021-04-07,65.62000274658203,-0.06866498373428856
2021-04-08,69.01200103759766,0.051691529244751594
2021-04-09,71.0999984741211,0.030255570120128802
2021-04-12,71.8239974975586,0.01018282755239468
2021-04-13,84.85399627685547,0.1814156721051315
2021-04-14,73.55000305175781,-0.13321698118042438
2021-04-15,74.01499938964844,0.006322179722595019
2021-04-16,69.36199951171875,-0.06286563421333277
2021-04-19,63.75199890136719,-0.08088003012951998
2021-04-20,64.6449966430664,0.014007368507469153
2021-04-21,65.0459976196289,0.0062031247178587325
2021-04-22,59.81999969482422,-0.08034311281325694
2021-04-23,61.30400085449219,0.024807776115658663
2021-04-26,65.88200378417969,0.07467706619268775
2021-04-27,67.6989974975586,0.027579515027064534
2021-04-28,68.082000732421875,0.005657443226941335
2021-04-29,65.5009994506836,-0.03791018556993085
2021-04-30,65.71600341796875,0.0032824532310691693
2021-05-03,63.5620002746582,-0.03277745193374887
2021-05-04,61.6879997253418,-0.02948303296338456
2021-05-05,62.345001220703125,0.010650393890003666
2021-05-06,60.90800094604492,-0.023049165875724024
2021-05-07,62.04600143432617,0.018683924453362748
2021-05-10,56.94599914550781,-0.08219711457500704
2021-05-11,57.69599914550781,0.013170372128928812
2021-05-12,54.1879997253418,-0.060801432891714594
2021-05-13,48.80799865722656,-0.09928399452617549
2021-05-14,52.13100051879883,0.0680831411447406
2021-05-17,48.935001373291016,-0.061307074748264447
2021-05-18,48.720001220703125,-0.004393586319693839
2021-05-19,45.486000061035156,-0.06637933248437007
2021-05-20,47.26599884033203,0.03913289312993872
2021-05-21,45.051998138427734,-0.04684129725859283
2021-05-24,47.244998931884766,0.048677103881580794
2021-05-25,46.96699905395508,-0.005884218101697756
2021-05-26,48.27899932861328,0.027934513617763702
2021-05-27,49.3849983215332,0.022908490405774314
2021-05-28,47,-0.048293984055746725
2021-06-01,47.7760009765625,0.016510659075797872
2021-06-02,49.849998474121094,0.04341086434957241
2021-06-03,48.86399841308594,-0.01977933984385223
2021-06-04,48.46699905395508,-0.008124577849211407
2021-06-07,46.98099899291992,-0.030660038583797844
2021-06-08,45.9379997253418,-0.022200448903508967
2021-06-09,51.29899978637695,0.11670077263024034
2021-06-10,50.8650016784668,-0.008460167054278697
2021-06-11,51.64400100708008,0.015315035936449463
2021-06-14,59.8489990234375,0.15887611061026366
2021-06-15,63.05400085449219,0.05355146925347198
2021-06-16,61.981998443603516,-0.01700133847751389
2021-06-17,63.08100128173828,0.017731000382872966
2021-06-18,64.64600372314453,0.024809410275789527
2021-06-21,58.367000579833984,-0.09712902239404075
2021-06-22,55.37200164794922,-0.05131322326197363
2021-06-23,55.29999923706055,-0.0013003396797258203
2021-06-24,58.1879997253418,0.05222424101492195
2021-06-25,55.005001068115234,-0.054701977594193124
2021-06-28,62.41699981689453,0.1347513608735445
2021-06-29,66.89900207519531,0.07180739656582515
2021-06-30,66.44999694824219,-0.006711686468034869
2021-07-01,65.08599853515625,-0.02052668887476931
2021-07-02,63.56100082397461,-0.023430503418610256
2021-07-06,63.42900085449219,-0.0020767446668749235
2021-07-07,63.986000061035156,0.008781459569586154
2021-07-08,61.84400177001953,-0.03347604615028927
2021-07-09,62.86600112915039,0.016525440299471367
2021-07-12,58.86899948120117,-0.06357970248080318
2021-07-13,57.987998962402344,-0.014965440665934214
2021-07-14,56.042999267578125,-0.033541417700674536
2021-07-15,54.104000091552734,-0.034598419095445095
2021-07-16,52.308998107910156,-0.03317688120296362
2021-07-19,49.87200164794922,-0.04658847517846868
2021-07-20,50.178001403808594,0.0061357023128819615
2021-07-21,55.694000244140625,0.10992862780527879
2021-07-22,55.59400177001953,-0.0017954981449121935
2021-07-23,53.97100067138672,-0.02919381672409229
2021-07-26,68.25,0.2645679930145049
2021-07-27,63.06100082397461,-0.07602929195641597
2021-07-28,64.66500091552734,0.02543569037272437
2021-07-29,62.500999450683594,-0.03346480219911557
2021-07-30,62.60100173950195,0.0016000110349797872
2021-08-02,63.77899932861328,0.01881755173844124
2021-08-03,62.50600051879883,-0.019959529362564732
2021-08-04,67.09300231933594,0.07338498324104992
2021-08-05,71.56199645996094,0.06660894558503092
2021-08-06,74.87200164794922,0.04625367306291175
2021-08-09,76.77300262451172,0.025390011415763577
2021-08-10,75.04900360107422,-0.022455797800033806
2021-08-11,74.7490005493164,-0.003997428844658484
2021-08-12,72.0989990234375,-0.03545199944353157
2021-08-13,72.80000305175781,0.00972279834415502
2021-08-16,69.7509994506836,-0.04188191584149389
2021-08-17,66.36900329589844,-0.04848670530056485
2021-08-18,65.50499725341797,-0.013018216329517544
2021-08-19,67.6259994506836,0.032379242595189234
2021-08-20,71.65599822998047,0.05959244687002017
2021-08-23,71.85099792480469,0.0027213310768257775
2021-08-24,71.55000305175781,-0.004189153689443252
2021-08-25,72.6709976196289,0.015667288889704017
2021-08-26,69.365997314453125,-0.04547894501840552
2021-08-27,70.720001220703125,0.019519706465286838
2021-08-30,70.29900360107422,-0.005953020536793488
2021-08-31,69.43000030517578,-0.012361530766919128
2021-09-01,70.25,0.011810452127609892
2021-09-02,69.57099914550781,-0.009665492590636121
2021-09-03,71.22599792480469,0.023788630314701152
2021-09-07,64.8010025024414,-0.09020576207505483
2021-09-08,63.86199951171875,-0.014490562714477741
2021-09-09,64.06199645996094,0.0031317050792543356
2021-09-10,61.55699920654297,-0.039102703503528874
2021-09-13,64.2699966430664,0.044072931941020764
2021-09-14,61.847999572753906,-0.037684723771862695
2021-09-15,63.29999923706055,0.023476905871443812
2021-09-16,63.29999923706055,0
2021-09-17,61.42900085449219,-0.02955763673173849
2021-09-20,58.8390007019043,-0.04216249843820288
2021-09-21,58.10200119018555,-0.012525697291369826
2021-09-22,59.96099853515625,0.03199540991515316
2021-09-23,61.65700149536133,0.0282851020102789
2021-09-24,59.93899917602539,-0.02786386424362834
2021-09-27,59.474998474121094,-0.007741215373677602
2021-09-28,57.35100173950195,-0.03571243024988625
2021-09-29,56.63199996948242,-0.012536865062712595
2021-09-30,57.84000015258789,0.02133069967079443
2021-10-01,61.24599838256836,0.058886552921768566
2021-10-04,60.724998474121094,-0.008506676716948595
2021-10-05,65.10099792480469,0.07206256995705804
2021-10-06,67.38099670410156,0.03502248586005397
2021-10-07,69.27899932861328,0.02816821830117252
2021-10-08,70.88200378417969,0.023138389282484066
2021-10-11,73.18000030517578,0.03242002762778821
2021-10-12,71.06500244140625,-0.028901309851729316
2021-10-13,72.62999725341797,0.022022018690593465
2021-10-14,72.3949966430664,-0.003235586110950918
2021-10-15,74.98500061035156,0.035776007837320795
2021-10-18,73.96399688720703,-0.013616106085669396
2021-10-19,72.7249984741211,-0.016751371819121327
2021-10-20,75.81800079345703,0.042530111849181686
2021-10-21,73.542999267578125,-0.03000608697235967
2021-10-22,71.85199737548828,-0.022993376785427518
2021-10-25,74.60199737548828,0.03827311836063363
2021-10-26,73.48600006103516,-0.014959348994854182
2021-10-27,71.50199890136719,-0.026998355578207005
2021-10-28,71.71299743652344,0.002950945965123438
2021-10-29,71.50599670410156,-0.0028865162497928097
2021-11-01,73.61199951171875,0.029452114573439513
2021-11-02,79.41400146484375,0.07881869792439673
2021-11-03,81.0250015258789,0.02028609604501971
2021-11-04,80,-0.012650435132068795
2021-11-05,79.7509994506836,-0.003112506866455078
2021-11-08,86,0.07835639167356971
2021-11-09,85.9010009765625,-0.0011511514353197674
2021-11-10,81.634002685546875,-0.04967344085058853
2021-11-11,81.83599853515625,0.0024744082485757854
2021-11-12,81.1729965209961,-0.008101593748811345
2021-11-15,79.5,-0.02061025947912812
2021-11-16,75.2020034790039,-0.05406284932070558
2021-11-17,75.30000305175781,0.0013031510893359022
2021-11-18,72.73600006103516,-0.03405050314487075
2021-11-19,71.83100128173828,-0.012442240136073758
2021-11-22,69.00199890136719,-0.03938414236041446
2021-11-23,69.677001953125,0.009782369532840274
2021-11-24,70.089996337890625,0.005927269733038539
2021-11-26,66.30000305175781,-0.054073241320515573
2021-11-29,69.5479965209961,0.048989341172468726
2021-11-30,72.14299774169922,0.037312379227483726
2021-12-01,70.5469970703125,-0.022122738468687418
2021-12-02,68.33599853515625,-0.03134078879293191
2021-12-03,63.0989990234375,-0.07663602821321934
2021-12-06,59.64699935913086,-0.05470767710632667
2021-12-07,62.81700134277344,0.053146042847121176
2021-12-08,63.65399932861328,0.013324386200363149
2021-12-09,59.1879997253418,-0.07016055001062535
2021-12-10,60.08399963378906,0.015138202213372594
2021-12-13,57.16400146484375,-0.04859859840793973
2021-12-14,58.03799819946289,0.015289285428289246
2021-12-15,59.85900115966797,0.03137604701572789
2021-12-16,56.694000244140625,-0.05287426876845166
2021-12-17,57.15800094604492,0.00818429992426318
2021-12-20,54.638999938964844,-0.04407083812217162
2021-12-21,56.75,0.03863540810397838
2021-12-22,56.999000549316406,0.004387674877822136
2021-12-23,59.72100067138672,0.04775522545724633
2021-12-27,60.827999114990234,0.018536167029329368
2021-12-28,56.797000885009766,-0.06626879543350102
2021-12-29,55.60900115966797,-0.020916592545916303
2021-12-30,56.23400115966797,0.011239187666857416
2021-12-31,54.44900131225586,-0.03174235890389288
2022-01-03,55.82600021362305,0.025289699869247013
2022-01-04,55.106998443603516,-0.012879335207039882
2022-01-05,50.90999984741211,-0.07616089997147302
2022-01-06,49.86199951171875,-0.020585353345795226
2022-01-07,48.29499816894531,-0.03142676503386422
2022-01-10,48.19499969482422,-0.002070576206904069
2022-01-11,50.65599822998047,0.05106335824752672
2022-01-12,51.4640007019043,0.015950775824325112
2022-01-13,48.95899963378906,-0.04867482189394854
2022-01-14,49.95600128173828,0.020364011834529763
2022-01-18,46.827999114990234,-0.06261514305572546
2022-01-19,46.04199981689453,-0.016784814917366282
2022-01-20,45.75299835205078,-0.006276909473808402
2022-01-21,37.5890007019043,-0.17843634175246464
2022-01-24,37.04499816894531,-0.01447238614490288
2022-01-25,36.505001068115234,-0.014576788433553109
2022-01-26,35.3650016784668,-0.03122858118867865
2022-01-27,31.94499969482422,-0.0967058340541509
2022-01-28,33.89500045776367,0.061042441119678444
2022-01-31,36.80099868774414,0.08573530581896918
2022-02-01,37.29999923706055,0.013559429556529636
2022-02-02,34.88399887084961,-0.06477212910531234
2022-02-03,34.00899887084961,-0.025083133480180885
2022-02-04,39.16400146484375,0.1515776049030566
2022-02-07,41.34700012207031,0.05573992890348984
2022-02-08,42.542999267578125,0.028925898903833867
2022-02-09,44.65999984741211,0.04976143234563491
2022-02-10,43.14799880981445,-0.03385582272198041
2022-02-11,41.10100173950195,-0.047441298015584665
2022-02-14,40.94900131225586,-0.003698217094791803
2022-02-15,43.7239990234375,0.0677671645767609
2022-02-16,43.49800109863281,-0.005168738675607992
2022-02-17,40.459999084472656,-0.06984233614026103
2022-02-18,39.59700012207031,-0.021329683191553435
2022-02-22,37.77000045776367,-0.04613985046024534
2022-02-23,36.50299835205078,-0.033545196991186604
2022-02-24,39.69599914550781,0.08747228823951238
2022-02-25,40.5,0.020253951828875228
2022-02-28,44.29999923706055,0.09382714165581597
2022-03-01,46.472999572753906,0.04905192715839751
2022-03-02,45.92900085449219,-0.011705694129127253
2022-03-03,42.869998931884766,-0.06660284059517549
2022-03-04,41.0359992980957,-0.042780491707104205
2022-03-07,38.89099884033203,-0.052271188577177205
2022-03-08,41.0359992980957,0.05515416218981736
2022-03-09,43.67499923706055,0.0643093864924427
2022-03-10,42.112998962402344,-0.035764174057105955
2022-03-11,39.082000732421875,-0.07197298469972381
2022-03-14,36.99300003051758,-0.05345173386098659
2022-03-15,39.61399841308594,0.07085119834579927
2022-03-16,42.87799835205078,0.08239511459884914
2022-03-17,43.409000396728516,0.012384021294975806
2022-03-18,45.428001403808594,0.04651111494454589
2022-03-21,43.64799880981445,-0.039182938693950745
2022-03-22,45.994998931884766,0.05377108197552871
2022-03-23,45.069000244140625,-0.020132595048332907
2022-03-24,48.391998291015625,0.07373134591125126
2022-03-25,47.242000579833984,-0.023764212096923205
2022-03-28,51,0.07954784670508172
2022-03-29,52,0.0196078431372549
2022-03-30,50.069000244140625,-0.037134610689603366
2022-03-31,48.63199996948242,-0.0287003988026777
2022-04-01,49.097999572753906,0.009582159968002728
2022-04-04,50.125999450683594,0.020937714099866472
2022-04-05,48.72800064086914,-0.027889694472623388
2022-04-06,45.51100158691406,-0.06601951673873763
2022-04-07,46.361000061035156,0.01867676923123346
2022-04-08,45.32400131225586,-0.022367911550960243
2022-04-11,43.638999938964844,-0.037176800911339264
2022-04-12,44.345001220703125,0.016178218628422315
2022-04-13,46.358001708984375,0.04539407899128551
2022-04-14,44.91899871826172,-0.031041091886490256
2022-04-18,44.5890007019043,-0.007346513185372093
2022-04-19,47.11399841308594,0.05662826417802639
2022-04-20,44.90299987792969,-0.04692869655788213
2022-04-21,42.7859992980957,-0.04714608345966019
2022-04-22,40.90800094604492,-0.043892824355147554
2022-04-25,42.79999923706055,0.04625007937960722
2022-04-26,39.10100173950195,-0.08642517671719091
2022-04-27,38.577999114990234,-0.013375683518188566
2022-04-28,40.04899978637695,0.03813055900079413
2022-04-29,35.41699981689453,-0.11565831841468462
2022-05-02,36.590999603271484,0.03314791745338448
2022-05-03,34.34000015258789,-0.06151784523761245
2022-05-04,36.64400100708008,0.06709379278551215
2022-05-05,31.45199966430664,-0.14168762144096322
2022-05-06,29.423999786376953,-0.06447920321680427
2022-05-09,21.905000686645508,-0.2555396667455345
2022-05-10,22.552000045776367,0.029536605288732348
2022-05-11,16.81999969482422,-0.25416815977816837
2022-05-12,17.118000030517578,0.017717023846621046
2022-05-13,20.457000732421875,0.1950578745152239
2022-05-16,20.150999069213867,-0.014958285782481893
2022-05-17,22.48699951171875,0.11592479531567043
2022-05-18,19.743999481201172,-0.12198159336856419
2022-05-19,21.07699966430664,0.06751419257150287
2022-05-20,20.274999618530273,-0.038050958796309785
2022-05-23,20.437000274658203,0.00799016814677864
2022-05-24,19.301000595092773,-0.05558544132203515
2022-05-25,19.812000274658203,0.026475294741732196
2022-05-26,21.610000610351562,0.09075309462786581
2022-05-27,21.93899917602539,0.015224366329551705
2022-05-31,26.4689998626709,0.20648164714805334
2022-06-01,23.81399917602539,-0.10030604482301737
2022-06-02,24.445999145507812,0.026539010302758567
2022-06-03,22.722000122070312,-0.0705227474310168
2022-06-06,23.54400062561035,0.03617641488970921
2022-06-07,24,0.019367964758445853
2022-06-08,23.288999557495117,-0.02962501843770345
2022-06-09,21.775999069213867,-0.0649663153003204
2022-06-10,20.336000442504883,-0.06612778693331244
2022-06-13,15.21500015258789,-0.25181944229374803
2022-06-14,15.687000274658203,0.031022025457556824
2022-06-15,17.134000778198242,0.09224201429240857
2022-06-16,16.134000778198242,-0.05836348515125706
2022-06-17,16.760000228881836,0.03880001366613929
2022-06-21,17.895999908447266,0.06778040954962561
2022-06-22,17.090999603271484,-0.04498213619211102
2022-06-23,18.83099937438965,0.10180795807783537
2022-06-24,20.54400062561035,0.09096709192983153
2022-06-27,19.67300033569336,-0.042396819674508514
2022-06-28,18.61199951171875,-0.05393182564276184
2022-06-29,17.9689998626709,-0.034547585746657526
2022-06-30,16.43000030517578,-0.08564748006327612
2022-07-01,16.677000045776367,0.015033459282576888
2022-07-05,18.76799964904785,0.12538223886382088
2022-07-06,18.829999923706055,0.0033035100073304058
2022-07-07,21.951000213623047,0.16574616582912485
2022-07-08,22.128000259399414,0.008063415974390037
2022-07-11,20.09000015258789,-0.09210050989337966
2022-07-12,19.25200080871582,-0.041712261697724455
2022-07-13,19.55500030517578,0.015738597742151878
2022-07-14,20.458999633789062,0.04622855098468152
2022-07-15,21.398000717163086,0.04589672516652359
2022-07-18,22.562999725341797,0.054444292416734
2022-07-19,26.716999053955078,0.1841066958817398
2022-07-20,28.87700080871582,0.0808474690738511
2022-07-21,28.97100067138672,0.003255180941177481
2022-07-22,28.191999435424805,-0.026888999962341537
2022-07-25,26.586000442504883,-0.056966480742117756
2022-07-26,23.763999938964844,-0.10614610910140178
2022-07-27,26.239999771118164,0.10419120680494222
2022-07-28,27.57200050354004,0.05076222347715038
2022-07-29,28.606000900268555,0.03750182713785159
2022-08-01,27.573999404907227,-0.036076398758403155
2022-08-02,27.826000213623047,0.00913907355314488
2022-08-03,31.368000030517578,0.12729101522684672
2022-08-04,30.930999755859375,-0.013931403794728717
2022-08-05,31.915000915527344,0.03181278223900816
2022-08-08,33.000999450683594,0.03402783969928975
2022-08-09,31.937999725341797,-0.032211137330259786
2022-08-10,33.58000183105469,0.05141217733839523
2022-08-11,33.69900131225586,0.0035437604143047276
2022-08-12,35.284000396728516,0.04703400761897992
2022-08-15,34.90800094604492,-0.010656372476360585
2022-08-16,34.263999938964844,-0.018448521531653144
2022-08-17,32.52000045776367,-0.0508988875877829
2022-08-18,32.4379997253418,-0.002521547701955783
2022-08-19,28.299999237060547,-0.12756645056163826
2022-08-22,26.80900001525879,-0.05268548628966763
2022-08-23,26.579999923706055,-0.008541910978492117
2022-08-24,27.44099998474121,0.03239277891296197
2022-08-25,27.2810001373291,-0.005830685743999074
2022-08-26,24.920000076293945,-0.08654375019794658
2022-08-29,24.496000289916992,-0.017014437603485335
2022-08-30,24.023000717163086,-0.0193092573136767
2022-08-31,23.1560001373291,-0.03609043641307312
2022-09-01,22.091999053955078,-0.04594926053998328
2022-09-02,21.805999755859375,-0.01294583153825101
2022-09-06,20.424999237060547,-0.06333121775018578
2022-09-07,21.861000061035156,0.0703060405196505
2022-09-08,23.450000762939453,0.07268655127706243
2022-09-09,26.19700050354004,0.11714284226983752
2022-09-12,26.29800033569336,0.003855396809251962
2022-09-13,23.125,-0.12065557438550781
2022-09-14,22.599000930786133,-0.022745905695734796
2022-09-15,21.694000244140625,-0.040046048469896955
2022-09-16,20.634000778198242,-0.04886141117421072
2022-09-19,20.6200008392334,-6.784888260562633e-4
2022-09-20,19.65999984741211,-0.04655678723323367
2022-09-21,19.591999053955078,-0.0034588399788814013
2022-09-22,19.23200035095215,-0.018374781563204292
2022-09-23,19.145000457763672,-0.004523704846135224
2022-09-26,20.01799964904785,0.04559932987257576
2022-09-27,20.60700035095215,0.029423554412556525
2022-09-28,22.047000885009766,0.06987919199948389
2022-09-29,21.18199920654297,-0.03923443750822953
2022-09-30,21.22599983215332,0.002077265001348885
2022-10-03,22.45199966430664,0.05775934428757347
2022-10-04,24.874000549316406,0.10787461790586846
2022-10-05,24.2189998626709,-0.02633274391655944
2022-10-06,24.16699981689453,-0.002147076513118761
2022-10-07,22.030000686645508,-0.088426331213653675
2022-10-10,22.065000534057617,0.0015887356478080426
2022-10-11,21.636999130249023,-0.01939729859276314
2022-10-12,21.83799934387207,0.009289652988063578
2022-10-13,22.054000854492188,0.009891085131877204
2022-10-14,20.930999755859375,-0.05092051578496552
2022-10-17,22.113000869750977,0.05647131659636635
2022-10-18,23.5,0.06272324314635831
2022-10-19,22.607999801635742,-0.03795745524954289
2022-10-20,22.10099983215332,-0.02242568886813858
2022-10-21,23.261999130249023,0.05253152829794786
2022-10-24,23.760000228881836,0.021408353419858514
2022-10-25,26.868999481201172,0.13085013562163791
2022-10-26,27.27199935913086,0.014998693130038033
2022-10-27,27.055999755859375,-0.007920196844649976
2022-10-28,27.999000549316406,0.03485366654221715
2022-10-31,26.750999450683594,-0.04457305882881889
2022-11-01,25.719999313354492,-0.03854062122911656
2022-11-02,24.822999954223633,-0.03487555921765184
2022-11-03,24.8439998626709,8.459859197515122e-4
2022-11-04,27.709999084472656,0.11535981474979945
2022-11-07,26.663999557495117,-0.03774808955384147
2022-11-08,21.18400001525879,-0.20552053829808617
2022-11-09,17.035999298095703,-0.1958081908126553
2022-11-10,17.5,0.027236482802400867
2022-11-11,17.51799964904785,0.0010285513741629464
2022-11-14,16.59000015258789,-0.052974056116641154
2022-11-15,17.152999877929688,0.03393608922022668
2022-11-16,16.944000244140625,-0.012184436266333611
2022-11-17,17.38800048828125,0.026203980036778148
2022-11-18,17.011999130249023,-0.02162418607508293
2022-11-21,15.722000122070312,-0.07582877228608392
2022-11-22,16.70800018310547,0.06271467074033563
2022-11-23,17.638999938964844,0.05572179468855696
2022-11-25,18.299999237060547,0.0374737400296456
2022-11-28,17.66699981689453,-0.03459013369159526
2022-11-29,18.200000762939453,0.030169295951156673
2022-11-30,19.80900001525879,0.08840654861925781
2022-12-01,19.898000717163086,0.004492942694519663
2022-12-02,20.694000244140625,0.0400039952903885
2022-12-05,19.566999435424805,-0.05446026845558405
2022-12-06,19.552000045776367,-7.665656503920607e-4
2022-12-07,19.349000930786133,-0.010382524269382166
2022-12-08,20.256999969482422,0.04692743785295781
2022-12-09,20.325000762939453,0.003356903468404789
2022-12-12,19.615999221801758,-0.03488322334680974
2022-12-13,20.180999755859375,0.028803046312810828
2022-12-14,20.273000717163086,0.00455879106172623
2022-12-15,18.799999237060547,-0.07265828579858426
2022-12-16,17.375,-0.0757978348345588
2022-12-19,17.020999908447266,-0.02037410598864658
2022-12-20,16.885000228881836,-0.007990111056750262
2022-12-21,16.881999969482422,-1.7768785068075457e-4
2022-12-22,16.62299919128418,-0.015341830272860898
2022-12-23,16.267000198364258,-0.02141605066711309
2022-12-27,14.77400016784668,-0.0917809068858134
2022-12-28,13.809000015258789,-0.06531745915964343
2022-12-29,13.663000106811523,-0.0105728081892923
2022-12-30,14.156999588012695,0.03615600361116109
2023-01-03,14.501999855041504,0.024369589395265245
2023-01-04,16.506000518798828,0.13818788331187642
2023-01-05,15.656000137329102,-0.051496447034619544
2023-01-06,16.045000076293945,0.02484670002252611
2023-01-09,17.500999450683594,0.09074474088291519
2023-01-10,19,0.08565228251909092
2023-01-11,19.47599983215332,0.025052622744911594
2023-01-12,21.017000198364258,0.07912304269313399
2023-01-13,21.69700050354004,0.032354774647083334
2023-01-17,23.591999053955078,0.08733919465530984
2023-01-18,22.118999481201172,-0.062436403519055134
2023-01-19,22.145000457763672,0.0011755041897169942
2023-01-20,24.003000259399414,0.08390154722188584
2023-01-23,25.02199935913086,0.04245298873970607
2023-01-24,24.75,-0.010870408684252611
2023-01-25,24.583999633789062,-0.006707085503472222
2023-01-26,24.531999588012695,-0.0021151987695645995
2023-01-27,25.836000442504883,0.053155098499568454
2023-01-30,24.569000244140625,-0.049040105924437666
2023-01-31,25.17300033569336,0.02458382862757227
2023-02-01,26.79199981689453,0.06431491914396698
2023-02-02,29.21299934387207,0.09036277782634584
2023-02-03,28.47599983215332,-0.025228478015673128
2023-02-06,28.204999923706055,-0.009516782906469519
2023-02-07,28.386999130249023,0.006452728489107352
2023-02-08,27.59600067138672,-0.027864814284628673
2023-02-09,24.90399932861328,-0.09755041590373184
2023-02-10,24.336999893188477,-0.022767404863095805
2023-02-13,24.924999237060547,0.024160716047693355
2023-02-14,27.11400032043457,0.08782351656481642
2023-02-15,29.84000015258789,0.10053845983393532
2023-02-16,28.402999877929688,-0.048156845419237655
2023-02-17,29.405000686645508,0.03527799221991395
2023-02-21,26.992000579833984,-0.08206087571721787
2023-02-22,26.857999801635742,-0.004964462630397082
2023-02-23,26.575000762939453,-0.010536862044322953
2023-02-24,25.579999923706055,-0.03744123464413936
2023-02-27,25.864999771118164,0.011141510878113338
2023-02-28,26.226999282836914,0.013995728394437194
2023-03-01,25.791000366210938,-0.01662404882556643
2023-03-02,25.288999557495117,-0.019464185242442044
2023-03-03,24.69099998474121,-0.02364662830549467
2023-03-06,23.7450008392334,-0.038313520962797394
2023-03-07,23.143999099731445,-0.025310664066557107
2023-03-08,23.27199935913086,0.0055306025051175935
2023-03-09,21.082000732421875,-0.09410444684675233
2023-03-10,19.201000213623047,-0.08922305537662037
2023-03-13,22.31599998474121,0.1622311200698848
2023-03-14,22.94700050354004,0.028275699911735126
2023-03-15,22.7549991607666,-0.008367165144037776
2023-03-16,24.107999801635742,0.05945948981628347
2023-03-17,26.766000747680664,0.11025389778975254
2023-03-20,26.395999908447266,-0.01382353840311612
2023-03-21,27.33799934387207,0.03568720407228617
2023-03-22,24.68600082397461,-0.09700777611921034
2023-03-23,26.33300018310547,0.06671794961342312
2023-03-24,25.66699981689453,-0.025291473116619088
2023-03-27,23.895999908447266,-0.06899910083302989
2023-03-28,24.826000213623047,0.038918660392487904
2023-03-29,28.402999877929688,0.14408280164050727
2023-03-30,27.92300033569336,-0.01689960723512546
2023-03-31,29.23200035095215,0.04687891700468603
2023-04-03,29.73900032043457,0.017344005315938216
2023-04-04,29.898000717163086,0.0053465279604325375
2023-04-05,29.083999633789062,-0.027225936980687218
2023-04-06,29.010000228881836,-0.0025443338550058263
2023-04-10,31.277999877929688,0.07817992523798299
2023-04-11,33.23500061035156,0.06256796278724873
2023-04-12,32.28300094604492,-0.028644490652126705
2023-04-13,34.071998596191406,0.05541608889261763
2023-04-14,33.375,-0.020456639613424886
2023-04-17,31.30299949645996,-0.062082412091087315
2023-04-18,32.98500061035156,0.05373290550261224
2023-04-19,31.472000122070312,-0.045869348500373545
2023-04-20,29.47100067138672,-0.06358030766784208
2023-04-21,29.101999282836914,-0.012520829973312265
2023-04-24,28.533000946044922,-0.019551864161015304
2023-04-25,29.090999603271484,0.01955625551906446
2023-04-26,29.945999145507812,0.029390517819820036
2023-04-27,31.86400032043457,0.06404866191330526
2023-04-28,32.8380012512207,0.030567440402688557
2023-05-01,30.746999740600586,-0.06367627233531417
2023-05-02,32.80099868774414,0.06680323168023787
2023-05-03,30.424999237060547,-0.07243680210174115
2023-05-04,31.224000930786133,0.02626135460185405
2023-05-05,32.672000885009766,0.04637458080511197
2023-05-08,29.466999053955078,-0.09809628257341207
2023-05-09,30.343000411987305,0.029728217536785412
2023-05-10,31.51099967956543,0.038493202772284026
2023-05-11,28.73699951171875,-0.08803275668989935
2023-05-12,27.100000381469727,-0.056964859173326936
2023-05-15,28.25,0.042435409680533186
2023-05-16,27.3439998626709,-0.032070801321384124
2023-05-17,29.05699920654297,0.062646260696139
2023-05-18,28.757999420166016,-0.010290112349578936
2023-05-19,28.827999114990234,0.0024340947296609496
2023-05-22,29.41200065612793,0.020258136501538224
2023-05-23,28.933000564575195,-0.01628587246250233
2023-05-24,28.44300079345703,-0.016935670741254086
2023-05-25,28.099000930786133,-0.012094359001319981
2023-05-26,28.510000228881836,0.014626829584015552
2023-05-30,29.927000045776367,0.04970185217533076
2023-05-31,30.163000106811523,0.007885857609321693
2023-06-01,29.993999481201172,-0.0056029116802670835
2023-06-02,30.21299934387207,0.007301455839797465
2023-06-05,27.63599967956543,-0.08529440043261771
2023-06-06,29.881999969482422,0.08127081762769474
2023-06-07,29.08099937438965,-0.026805454651991533
2023-06-08,29.093000411987305,4.126762441398432e-4
2023-06-09,28.232999801635742,-0.029560395908742813
2023-06-12,27.770000457763672,-0.01639922598112459
2023-06-13,28.381999969482422,0.022038152741465044
2023-06-14,28.288000106811523,-0.0033119534483817643
2023-06-15,27.79199981689453,-0.017533946834140435
2023-06-16,29.339000701904297,0.05566353249863496
2023-06-20,31.34000015258789,0.06820271320807854
2023-06-21,33.13100051879883,0.05714742685038073
2023-06-22,32.722999572753906,-0.012314778897589237
2023-06-23,32.9109992980957,0.00574518619308759
2023-06-26,30.573999404907227,-0.07100969107685831
2023-06-27,32.487998962402344,0.06260219777422754
2023-06-28,32.56100082397461,0.0022470408736699693
2023-06-29,34.0260009765625,0.04499247920872302
2023-06-30,34.242000579833984,0.006348074915423278
2023-07-03,37.784000396728516,0.10344021251435023
2023-07-05,37.81100082397461,7.145994855651005e-4
2023-07-06,37.654998779296875,-0.004125837488512577
2023-07-07,38.07400131225586,0.01112740795491292
2023-07-10,40.770999908447266,0.07083570161361669
2023-07-11,41.22999954223633,0.011257993054371062
2023-07-12,41.3489990234375,0.0028862353267617162
2023-07-13,46.18299865722656,0.11690729516932315
2023-07-14,45.88600158691406,-0.006430874541448315
2023-07-17,44.987998962402344,-0.019570295808206014
2023-07-18,44.58000183105469,-0.009069021533690134
2023-07-19,45.310001373291016,0.016375045138015364
2023-07-20,44.08300018310547,-0.027080140211799462
2023-07-21,43.665000915527344,-0.009482096632304999
2023-07-24,43.09400177001953,-0.013076815150249185
2023-07-25,43.68199920654297,0.013644530848200479
2023-07-26,44.34600067138672,0.015200803005927705
2023-07-27,42.6150016784668,-0.03903393692132447
2023-07-28,43.46099853515625,0.019852090188158603
2023-07-31,43.78799819946289,0.007523979552428501
2023-08-01,43.49800109863281,-0.0066227531002692715
2023-08-02,40.733001708984375,-0.06356612533478795
2023-08-03,38.99100112915039,-0.04276631985729045
2023-08-04,37.696998596191406,-0.03318720975316441
2023-08-07,37.082000732421875,-0.01631423950636923
2023-08-08,38.948001861572266,0.05032093987094098
2023-08-09,37.784000396728516,-0.029886038030418262
2023-08-10,37.80099868774414,4.4988065946285503e-4
2023-08-11,38.430999755859375,0.016666254596058958
2023-08-14,38.882999420166016,0.011761329842524499
2023-08-15,37.6150016784668,-0.03261059487714296
2023-08-16,36.96699905395508,-0.017227239016253358
2023-08-17,34.67900085449219,-0.06189299261547981
2023-08-18,32.86199951171875,-0.05239485850233398
2023-08-21,33.525001525878906,0.02017534002834266
2023-08-22,32.95100021362305,-0.017121589444605137
2023-08-23,34.63999938964844,0.05125790310083218
2023-08-24,33.65599822998047,-0.028406500490933045
2023-08-25,33.60499954223633,-0.0015152926796481538
2023-08-28,34.4370002746582,0.024758242635182236
2023-08-29,38.152000427246094,0.1078781578812983
2023-08-30,37.167999267578125,-0.025791600667032084
2023-08-31,35.75299835205078,-0.03807040850761256
2023-09-01,35.14799880981445,-0.016921644900353527
2023-09-05,34.92499923706055,-0.006344588036449961
2023-09-06,35.06999969482422,0.004151766955797242
2023-09-07,35.30699920654297,0.006757898881696523
2023-09-08,35.62799835205078,0.009091657538778488
2023-09-11,34.268001556396484,-0.03817213592006395
2023-09-12,34.7760009765625,0.014824308307853225
2023-09-13,34.183998107910156,-0.01702331642592625
2023-09-14,34.63999938964844,0.013339612303359063
2023-09-15,34.077999114990234,-0.016224026690547434
2023-09-18,34.0620002746582,-4.694771039240293e-4
2023-09-19,33.92599868774414,-0.003992765715971365
2023-09-20,33.34700012207031,-0.01706651500528982
2023-09-21,32.60599899291992,-0.022220923214618275
2023-09-22,32.28099822998047,-0.009967514352497646
2023-09-25,32.7599983215332,0.014838453511882746
2023-09-26,31.729999542236328,-0.031440745789655763
2023-09-27,31.562999725341797,-0.005263152199931015
2023-09-28,32.891998291015625,0.04210621858627654
2023-09-29,32.827999114990234,-0.0019457369375721954
2023-10-02,32.94900131225586,0.0036859449411393405
2023-10-03,31.132999420166016,-0.055115536731438215
2023-10-04,32.040000915527344,0.029133122803896277
2023-10-05,32.34199905395508,0.009425659481844113
2023-10-06,34.0629997253418,0.05321256328390928
2023-10-09,34.04499816894531,-5.284783061279181e-4
2023-10-10,34.04600143432617,2.9468804077496456e-5
2023-10-11,33.46099853515625,-0.017182719688782745
2023-10-12,32.36000061035156,-0.03290391718728624
2023-10-13,31.82200050354004,-0.01662546652237775
2023-10-16,32.58000183105469,0.023820040082971044
2023-10-17,33.54100036621094,0.02949657707631689
2023-10-18,32.91400146484375,-0.018693506291446917
2023-10-19,34.23500061035156,0.04013486925674485
2023-10-20,34.80400085449219,0.01662042453618586
2023-10-23,37.749000549316406,0.08461669987702304
2023-10-24,42.48699951171875,0.12551322931616382
2023-10-25,43.321998596191406,0.019653049028382132
2023-10-26,41.345001220703125,-0.045634953131227105
2023-10-27,40.67599868774414,-0.01618097746297774
2023-10-30,42.02199935913086,0.03309078362696168
2023-10-31,42.3390007019043,0.0075436996717900585
2023-11-01,42.66699981689453,0.007746973465424323
2023-11-02,45.362998962402344,0.0631869865956757
2023-11-03,45.39500045776367,7.054536978000844e-4
2023-11-06,45.9630012512207,0.012512408585291445
2023-11-07,47.35499954223633,0.030285191417491603
2023-11-08,47.45000076293945,0.002006149754439182
2023-11-09,49.40700149536133,0.04124342889263722
2023-11-10,50.917999267578125,0.03058266493583222
2023-11-13,50.487998962402344,-0.008444956820005742
2023-11-14,48,-0.04927901706413675
2023-11-15,50.595001220703125,0.0540625254313151
2023-11-16,48.90800094604492,-0.0333432203568738
2023-11-17,48.62200164794922,-0.005847699610769539
2023-11-20,50.85300064086914,0.04588455672955663
2023-11-21,49.30400085449219,-0.03046034190423102
2023-11-22,50.78799819946289,0.030098923398738604
2023-11-24,52.02399826049805,0.02433645949542913
2023-11-27,49.53799819946289,-0.04778564016912138
2023-11-28,50.58700180053711,0.021175736590131177
2023-11-29,50.709999084472656,0.0024314009440709913
2023-11-30,49.83000183105469,-0.017353525326475955
2023-12-01,52.768001556396484,0.05896045790451483
2023-12-04,56.321998596191406,0.06735136702110163
2023-12-05,57.75,0.02535423883031661
2023-12-06,56.888999938964844,-0.014909091965976732
2023-12-07,57.10900115966797,0.003867201408693425
2023-12-08,59.93899917602539,0.04955432521828185
2023-12-11,55.58000183105469,-0.07272389270580663
2023-12-12,55.832000732421875,0.0045339851217202735
2023-12-13,58.599998474121094,0.04957726224007285
2023-12-14,58.23699951171875,-0.006194521704000576
2023-12-15,57.04100036621094,-0.020536757654678748
2023-12-18,57.189998626708984,0.0026121256559572567
2023-12-19,57.130001068115234,-0.0010490917998681299
2023-12-20,57.34700012207031,0.003798337999265105
2023-12-21,58.19499969482422,0.014787165343415216
2023-12-22,61.92399978637695,0.06407767181214345
2023-12-26,60.388999938964844,-0.024788447979902675
2023-12-27,67.07099914550781,0.11064927740642277
2023-12-28,66.78800201416016,-0.004219366566072849
2023-12-29,63.1619987487793,-0.05429123728857897
2024-01-02,68.51499938964844,0.08475033638755132
2024-01-03,63.10599899291992,-0.07894622265071102
2024-01-04,65.58100128173828,0.03921976243646881
2024-01-05,63.108001708984375,-0.03770908532075949
2024-01-08,59.80099868774414,-0.0524022775509533
2024-01-09,57.729000091552734,-0.03464822731490687
2024-01-10,56.56700134277344,-0.020128509881281103
2024-01-11,53.61800003051758,-0.052132890947959025
2024-01-12,48.553001403808594,-0.0944645198221895
2024-01-16,48.2140007019043,-0.006982075095314396
2024-01-17,49.900001525878906,0.03496911269402329
2024-01-18,48.65999984741211,-0.02484973227553336
2024-01-19,48.099998474121094,-0.011508454070017804
2024-01-22,47.01900100708008,-0.022473960526685197
2024-01-23,45.01900100708008,-0.042535995175627866
2024-01-24,45.0989990234375,0.0017769833751939696
2024-01-25,45.77799987792969,0.015055785476287789
2024-01-26,49.45000076293945,0.08021322239506791
2024-01-29,51.38100051879883,0.039049539455347636
2024-01-30,51.95100021362305,0.01109358885714326
2024-01-31,50.12099838256836,-0.035225536053775694
2024-02-01,50.347999572753906,0.004529063616268584
2024-02-02,50.0099983215332,-0.006713300510227507
2024-02-05,49.060001373291016,-0.018996140374456676
2024-02-06,49.79999923706055,0.015083527171941682
2024-02-07,50.80099868774414,0.02010039088391516
2024-02-08,58.78099822998047,0.15708351702466672
2024-02-09,64.63200378417969,0.09953906415993785
2024-02-12,71.75199890136719,0.11016206678293175
2024-02-13,68.60199737548828,-0.04390123723534182
2024-02-14,76.98799896240234,0.12224136188067329
2024-02-15,71.80000305175781,-0.06738707305768692
2024-02-16,69.95600128173828,-0.025682474813967106
2024-02-20,70.49800109863281,0.007747724383383503
2024-02-21,67.279998779296875,-0.04564671720030293
2024-02-22,71.31500244140625,0.0599733016545626
2024-02-23,68.74400329589844,-0.036051308385219416
2024-02-26,79.64800262451172,0.15861746197233556
2024-02-27,87.18000030517578,0.09456605856360906
2024-02-28,96.29499816894531,0.10455377187270305
2024-02-29,102.28399658203125,0.06219428347232018
2024-03-01,107.93900299072266,0.05528730395430061
2024-03-04,133.4010009765625,0.23589246963887836
2024-03-05,105.10099792480469,-0.2121423590871698
2024-03-06,124.62100219726562,0.18572615539223208
2024-03-07,130.0019989013672,0.0431788912721457
2024-03-08,142.5590057373047,0.09659087507927112
2024-03-11,148.42300415039062,0.04113383355023956
2024-03-12,159.3350067138672,0.07351961797256105
2024-03-13,176.61500549316406,0.10845073619213001
2024-03-14,167.68499755859375,-0.05056200015188376
2024-03-15,178.23599243164062,0.06292151967477035
2024-03-18,150.2760009765625,-0.1568706245782636
2024-03-19,141.75,-0.05673561261383473
2024-03-20,154.65199279785156,0.09101934954392636
2024-03-21,159.9290008544922,0.03412182385220408
2024-03-22,152.3000030517578,-0.04770240395408615
2024-03-25,185.60000610351562,0.2186474220912596
2024-03-26,187.69900512695312,0.01130926160781921
2024-03-27,191.91600036621094,0.022466795902330874
2024-03-28,170.45599365234375,-0.11181978924590737
2024-04-01,163.6739959716797,-0.0397873816892376
2024-04-02,157.88299560546875,-0.03538130985213404
2024-04-03,160.61099243164062,0.017278598089111648
2024-04-04,161.54200744628906,0.00579670793731442
2024-04-05,143.89999389648438,-0.10921006757744088
2024-04-08,151.2989959716797,0.05141766774860216
2024-04-09,144.1020050048828,-0.04756800215742354
2024-04-10,156.60000610351562,0.08673023736352124
2024-04-11,155.18099975585938,-0.00906134286302811
2024-04-12,147.95799255371094,-0.0465456931809444
2024-04-15,133.58799743652344,-0.09712212817412334
2024-04-16,125.40299987792969,-0.06127045629591826
2024-04-17,118.80500030517578,-0.052614367911266544
2024-04-18,120.81600189208984,0.016926910329938802
2024-04-19,117.41100311279297,-0.028183342653054715
2024-04-22,132.4010009765625,0.1276711506277578
2024-04-23,133.86399841308594,0.011049746042195073
2024-04-24,126.56700134277344,-0.054510526779537605
2024-04-25,124.04100036621094,-0.019957816411573903
2024-04-26,128.23800659179688,0.033835636710401865
2024-04-29,129.2969970703125,0.008258007954588453
2024-04-30,106.50299835205078,-0.17629178739446055
2024-05-01,102.8270034790039,-0.03451541205343062
2024-05-02,112.94200134277344,0.09836908128743534
2024-05-03,122.3010025024414,0.08286555088805146
2024-05-06,126.88099670410156,0.03744854177764184
2024-05-07,125.74500274658203,-0.008953223784715187
2024-05-08,123.31199645996094,-0.019348731428511796
2024-05-09,126.36399841308594,0.024750243615721333
2024-05-10,118.0479965209961,-0.06580989836127771
2024-05-13,124.59600067138672,0.055468998571492
2024-05-14,129.76300048828125,0.04147002944759145
2024-05-15,150.3470001220703,0.15862764853104627
2024-05-16,143.9980010986328,-0.04222897043693986
2024-05-17,158.4499969482422,0.10036247544651916
2024-05-20,172.7239990234375,0.09008521521056215
2024-05-21,165.54200744628906,-0.04158073931679806
2024-05-22,164.6999969482422,-0.005086385691680522
2024-05-23,154.40699768066406,-0.062495442976922166
2024-05-24,168.48399353027344,0.09116812101173441
2024-05-28,167.53500366210938,-0.0056325224033435956
2024-05-29,161.8699951171875,-0.03381388021065298
2024-05-30,154.10000610351562,-0.04800141624793841
2024-05-31,152.44900512695312,-0.010713828106232854
2024-06-03,162.74099731445312,0.06751104855639603
2024-06-04,163.8769989013672,0.006980426602148969
2024-06-05,169.468994140625,0.03412312451867313
2024-06-06,165.66299438476562,-0.022458384055204603
2024-06-07,159.6199951171875,-0.036477665335100565
2024-06-10,159.99200439453125,0.0023305932134043334
2024-06-11,155.5489959716797,-0.027770190389610688
2024-06-12,160.36700439453125,0.03097421743389949
2024-06-13,148.38800048828125,-0.07469743512062822
2024-06-14,149.5540008544922,0.00785778069907358
2024-06-17,150.7259979248047,0.00783661462492594
2024-06-18,146.9429931640625,-0.025098555078928594
2024-06-20,146.5399932861328,-0.002742559337141965
2024-06-21,148.37600708007812,0.012529097025139933
2024-06-24,137.21499633789062,-0.07522112881878493
2024-06-25,149.57400512695312,0.09007039404518555
2024-06-26,145.7729949951172,-0.025412237431295462
2024-06-27,152.5399932861328,0.046421480818462244
2024-06-28,137.7480010986328,-0.09697123927200749
2024-07-01,136.5970001220703,-0.008355845220130196
2024-07-02,132.0189971923828,-0.033514666688114335
2024-07-03,130.20899963378906,-0.01371012958048876
2024-07-05,128.1719970703125,-0.015644099633708906
2024-07-08,129.05799865722656,0.006912598751410735
2024-07-09,130.177001953125,0.008670545859543896
2024-07-10,130.57200622558594,0.0030343629560863083
2024-07-11,135.8560028076172,0.040468066125155674
2024-07-12,139.67599487304688,0.02811794831649138
2024-07-15,161.1280059814453,0.15358409387308405
2024-07-16,166.42999267578125,0.0329054323116646
2024-07-17,159,-0.04464335157579116
2024-07-18,155.51600646972656,-0.021911908995430423
2024-07-19,177.85000610351562,0.14361222449559685
2024-07-22,180.00900268554688,0.012139423716267009
2024-07-23,172.177001953125,-0.043508939084026796
2024-07-24,167.2689971923828,-0.028505576848633862
2024-07-25,160.64700317382812,-0.03958889052786312
2024-07-26,175.27099609375,0.09103184392489401
2024-07-29,168.48500061035156,-0.03871716162193033
2024-07-30,160.40699768066406,-0.04794493812757356
2024-07-31,161.44400024414062,0.006464821226446818
2024-08-01,151.18099975585938,-0.06357003340329292
2024-08-02,144.7989959716797,-0.04221432451489221
2024-08-05,130.89999389648438,-0.09598824896488736
2024-08-06,136.92100524902344,0.04599703310376373
2024-08-07,124.68499755859375,-0.08936545322739631
2024-08-08,135.99000549316406,0.09066854999341603
2024-08-09,135.3699951171875,-0.004559234877064029
2024-08-12,131.4600067138672,-0.02888371533097495
2024-08-13,135.3800048828125,0.02981894088502133
2024-08-14,130.3699951171875,-0.03700701421869322
2024-08-15,131.92999267578125,0.011965924806482451
2024-08-16,133.0399932861328,0.008413557734967785
2024-08-19,135.35000610351562,0.017363296256446763
2024-08-20,133.69000244140625,-0.012264525949410042
2024-08-21,141.4199981689453,0.057820297601737056
2024-08-22,133.80999755859375,-0.05381134711414992
2024-08-23,150.00999450683594,0.12106716421654823
2024-08-26,146.89999389648438,-0.020731956031168577
2024-08-27,140.00999450683594,-0.04690265266112669
2024-08-28,132.08999633789062,-0.05656737718505247
2024-08-29,132.55999755859375,0.0035581893688667095
2024-08-30,132.4199981689453,-0.00105612094317183
2024-09-03,122.31999969482422,-0.07627245592644714
2024-09-04,124.8499984741211,0.020683443309425776
2024-09-05,119.56999969482422,-0.0422907396381852
2024-09-06,114.30000305175781,-0.0440745726897792
2024-09-09,124.81999969482422,0.09203846336121878
2024-09-10,129.63999938964844,0.03861560412280697
2024-09-11,129.27999877929688,-0.0027769254246101764
2024-09-12,130.77000427246094,0.011525413886395199
2024-09-13,141.47000122070312,0.08182302208959641
2024-09-16,134.52999877929688,-0.04905635386670676
2024-09-17,131.27000427246094,-0.024232472581703652
2024-09-18,132.6699981689453,0.010664994674477046
2024-09-19,144.66000366210938,0.09037465635520464
2024-09-20,144.77999877929688,8.294975400925569e-4
2024-09-23,149.97000122070312,0.03584750991273254
2024-09-24,153.8800048828125,0.02607190524960538
2024-09-25,151.94000244140625,-0.012607241875795762
2024-09-26,165.97999572753906,0.09240485099733468
2024-09-27,176.22000122070312,0.06169421470508606
2024-09-30,168.60000610351562,-0.043241374783807844
2024-10-01,162.69000244140625,-0.03505340123464053
2024-10-02,164.63999938964844,0.01198596667883443
2024-10-03,163.41000366210938,-0.0074708195584237665
2024-10-04,176.50999450683594,0.08016639465851819
2024-10-07,186.08999633789062,0.054274557414275316
2024-10-08,192.1999969482422,0.03283357907782106
2024-10-09,188.91000366210938,-0.017117551188196842
2024-10-10,183.33999633789062,-0.029484978117842016
2024-10-11,212.58999633789062,0.15953965629023492
2024-10-14,201.6699981689453,-0.051366472350792385
2024-10-15,194.30999755859375,-0.03649526789892594
2024-10-16,194.08999633789062,-0.0011322177112208758
2024-10-17,193.4199981689453,-0.0034519974320516497
2024-10-18,215.86000061035156,0.11601697163602352
2024-10-21,219.0500030517578,0.014778108183018663
2024-10-22,219.6999969482422,0.0029673311455320657
2024-10-23,213.9499969482422,-0.02617205316281642
2024-10-24,235.88999938964844,0.10254733701498428
2024-10-25,234.33999633789062,-0.006570872253034697
2024-10-28,255.33999633789062,0.08961338366550317
2024-10-29,258.239990234375,0.011357382071263218
2024-10-30,247.30999755859375,-0.042324942259567705
2024-10-31,244.5,-0.011362248135269959
2024-11-01,229.7100067138672,-0.06049077008643277
2024-11-04,222.99000549316406,-0.0292542815911095
2024-11-05,227.8000030517578,0.02157046253241697
2024-11-06,257.80999755859375,0.13173834110975605
2024-11-07,270.80999755859375,0.050424731868846266
2024-11-08,270.4200134277344,-0.0014400654864117274
2024-11-11,340,0.25730339145501085
2024-11-12,356.5899963378906,0.0487941068761489
2024-11-13,328.3800048828125,-0.07911043984629185
2024-11-14,327.6700134277344,-0.0021621031869205813
2024-11-15,340.6499938964844,0.039612964070063296
2024-11-18,384.7900085449219,0.12957585627273085
2024-11-19,430.5400085449219,0.1188960185660823
2024-11-20,473.8299865722656,0.10054809580565831
2024-11-21,397.2799987792969,-0.16155581107632963
2024-11-22,421.8800048828125,0.06192107878348489
2024-11-25,403.45001220703125,-0.04368539030642287
2024-11-26,353.69000244140625,-0.12333624553242185
2024-11-27,388.8399963378906,0.09938079576424405
2024-11-29,387.4700012207031,-0.00352328754780929
2024-12-02,380.29998779296875,-0.018504693021771074
2024-12-03,373.42999267578125,-0.018064673514865986
2024-12-04,406,0.08721850939406633
2024-12-05,386.3999938964844,-0.048275877102255234
2024-12-06,395.010009765625,0.022282650116830043
2024-12-09,365.3399963378906,-0.07511205461689126
2024-12-10,377.32000732421875,0.032791402820424344
2024-12-11,411.3999938964844,0.09032117542333716
2024-12-12,392.19000244140625,-0.046694194798436735
2024-12-13,408.6700134277344,0.042020477023226165
2024-12-16,408.5,-4.160163999026532e-4
2024-12-17,386.4200134277344,-0.05405137471790851
2024-12-18,349.6400146484375,-0.09518140236329975
2024-12-19,326.4599914550781,-0.06629682594158123
2024-12-20,364.20001220703125,0.11560381590326135
2024-12-23,332.2300109863281,-0.08778143917944084
2024-12-24,358.17999267578125,0.07810848156797315
2024-12-26,341.04998779296875,-0.047825130473767984
2024-12-27,330,-0.03239990672474835
2024-12-30,302.9599914550781,-0.08193941983309659
2024-12-31,289.6199951171875,-0.04403220462814356
2025-01-02,300.010009765625,0.03587464547892641
2025-01-03,339.6600036621094,0.1321622366115714
2025-01-06,379.0899963378906,0.1160866520952106
2025-01-07,341.42999267578125,-0.09934317451242435
2025-01-08,331.70001220703125,-0.028497732119244425
2025-01-10,327.9100036621094,-0.011426012678456983
2025-01-13,328.3999938964844,0.0014942826656789163
2025-01-14,342.1700134277344,0.04193063272586563
2025-01-15,360.6199951171875,0.0539205101716189
2025-01-16,367,0.01769176687149376
2025-01-17,396.5,0.08038147138964577
2025-01-21,389.1000061035156,-0.01866328851572352
2025-01-22,377.30999755859375,-0.03030071539445126
2025-01-23,373.1199951171875,-0.011104933525530476
2025-01-24,353.6700134277344,-0.052127953323285126
2025-01-27,347.9200134277344,-0.016258093085901107
2025-01-28,335.92999267578125,-0.03446200359049924
2025-01-29,341.25,0.015836654779894245
2025-01-30,340.0899963378906,-0.0033992781307234433
2025-01-31,334.7900085449219,-0.015584074362784365
2025-02-03,347.0899963378906,0.036739411210111865
2025-02-04,348.30999755859375,0.0035149420426264866
2025-02-05,336.70001220703125,-0.03333233450931719
2025-02-06,325.4599914550781,-0.03338289380590168
2025-02-07,327.55999755859375,0.006452424748513152
2025-02-10,334.6199951171875,0.02155329591895867
2025-02-11,319.4599914550781,-0.045305133833380695
2025-02-12,326.82000732421875,0.02303892839794174
2025-02-13,324.9200134277344,-0.005813578893288206
2025-02-14,337.7300109863281,0.0394250801095785
2025-02-18,333.9700012207031,-0.01113318225598024
2025-02-19,318.6700134277344,-0.04581246140984321
2025-02-20,323.9200134277344,0.01647472237355824
2025-02-21,299.69000244140625,-0.07480245116664819
2025-02-24,282.760009765625,-0.056491683198845816
2025-02-25,250.50999450683594,-0.11405437171090974
2025-02-26,263.2699890136719,0.05093606956463265
2025-02-27,240.0500030517578,-0.08819837782842854
2025-02-28,255.42999267578125,0.06406994138095186
2025-03-03,250.9199981689453,-0.017656479803295846
2025-03-04,275.1499938964844,0.09656462579449296
2025-03-05,308.54998779296875,0.12138831414639233
2025-03-06,304.1099853515625,-0.014389896668495116
2025-03-07,287.17999267578125,-0.05567062408756341
2025-03-10,239.27000427246094,-0.1668291302500639
2025-03-11,260.5899963378906,0.0891043243395952
2025-03-12,262.54998779296875,0.007521361075337396
2025-03-13,263.260009765625,0.002704330625283178
2025-03-14,297.489990234375,0.13002347184908278
2025-03-17,294.2699890136719,-0.010823897698763827
2025-03-18,283.19000244140625,-0.037652451782131426
2025-03-19,304.2300109863281,0.07429643830479214
2025-03-20,302.07000732421875,-0.007099903310349103
2025-03-21,304,0.006389223123730203
2025-03-24,335.7200012207031,0.1043421092786287
2025-03-25,341.80999755859375,0.018140105789785956
2025-03-26,329.30999755859375,-0.036570024543700556
2025-03-27,324.5899963378906,-0.014333003114681633
2025-03-28,289.4100036621094,-0.10838286167993821
2025-03-31,288.2699890136719,-0.003939098973816
2025-04-01,306.0199890136719,0.061574220961163474
2025-04-02,312.5400085449219,0.02130586159506956
2025-04-03,282.2799987792969,-0.09681963568921986
2025-04-04,293.6099853515625,0.04013740477986921
2025-04-07,268.1400146484375,-0.08674763112238089
2025-04-08,237.9499969482422,-0.11259049769120774
2025-04-09,296.8599853515625,0.2475729739813115
2025-04-10,272.3399963378906,-0.08259782464326938
2025-04-11,299.9800109863281,0.10149083873139478
2025-04-14,311.45001220703125,0.038235885061107894
2025-04-15,310.7200012207031,-0.0023439106043215124
2025-04-16,311.6600036621094,0.003025239565246301
2025-04-17,317.20001220703125,0.01777580850871116
2025-04-21,317.760009765625,0.0017654399024053277
2025-04-22,343.0299987792969,0.0795253909776458
2025-04-23,345.7300109863281,0.00787106730210036
2025-04-24,350.3399963378906,0.013334061854829264
2025-04-25,368.7099914550781,0.05243476425532152
2025-04-28,369.25,0.0014645888569246085
2025-04-29,381.45001220703125,0.03303997889514218
2025-04-30,380.1099853515625,-0.00351298155088655
2025-05-01,381.6000061035156,0.003919972664161952
2025-05-02,394.3699951171875,0.03346433126158754
2025-05-05,386.5299987792969,-0.019879799262012724
2025-05-06,385.6000061035156,-0.002406003877365965
2025-05-07,392.4800109863281,0.017842336031928224
2025-05-08,414.3800048828125,0.05579900449311609
2025-05-09,416.0299987792969,0.0039818376298127525
2025-05-12,404.8999938964844,-0.026752890213373643
2025-05-13,421.6099853515625,0.04126942876504502
2025-05-14,416.75,-0.011527206471426351
2025-05-15,397.0299987792969,-0.047318539221843134
2025-05-16,399.79998779296875,0.006976775110667824
2025-05-19,413.4200134277344,0.034067098675897356
2025-05-20,416.9200134277344,0.008465966538438513
2025-05-21,402.69000244140625,-0.034131273452994465
2025-05-22,399.4599914550781,-0.00802108561609525
2025-05-23,369.510009765625,-0.07497617365973733
2025-05-27,372.20001220703125,0.0072799176485434875
2025-05-28,364.25,-0.02135951624474736
2025-05-29,370.6300048828125,0.017515456095573097
2025-05-30,369.05999755859375,-0.004236050248320187
2025-06-02,372.2699890136719,0.00869774962421521
2025-06-03,387.42999267578125,0.0407231420998393
2025-06-04,378.1000061035156,-0.024081735406771606
2025-06-05,368.7900085449219,-0.024623108723370063
2025-06-06,374.4700012207031,0.015401698918557813
2025-06-09,392.1199951171875,0.04713326525208602
2025-06-10,391.17999267578125,-0.0023972315952042293
2025-06-11,387.1099853515625,-0.010404436321956945
2025-06-12,379.760009765625,-0.018986788933544187
2025-06-13,382.8699951171875,0.00818934398459142
2025-06-16,382.25,-0.0016193358714300245
2025-06-17,375.17999267578125,-0.0184957680162688
2025-06-18,369.0299987792969,-0.016392115828519155
2025-06-20,369.70001220703125,0.001815606942391383
2025-06-23,367.17999267578125,-0.00681639017593214
2025-06-24,377.0199890136719,0.026798835813963615
2025-06-25,388.6700134277344,0.030900283150875684
2025-06-26,386.44000244140625,-0.005737543183898729
2025-06-27,383.8800048828125,-0.0066245666660296335
2025-06-30,404.2300109863281,0.05301137294120827
2025-07-01,373.29998779296875,-0.07651590023682207
2025-07-02,402.2799987792969,0.07763196339133117
2025-07-03,403.989990234375,0.004250749379206095
2025-07-07,395.6700134277344,-0.020594512259607685
2025-07-08,396.94000244140625,0.0032097176196644664
2025-07-09,415.4100036621094,0.046530964647307244
2025-07-10,421.739990234375,0.015237925221979915
2025-07-11,434.5799865722656,0.03044529007257531
2025-07-14,451.0199890136719,0.03782963539365029
2025-07-15,442.30999755859375,-0.01931176370724912
2025-07-16,455.8999938964844,0.030725048976742445
2025-07-17,451.3399963378906,-0.010002188242251069
2025-07-18,423.2200012207031,-0.06230335300516062
2025-07-21,426.2799987792969,0.007230276333272835
2025-07-22,426.3999938964844,2.81493660343249e-4
2025-07-23,412.6700134277344,-0.032199767038653335
2025-07-24,414.9200134277344,0.005452298269290201
2025-07-25,405.8900146484375,-0.021763227819979834
2025-07-28,403.79998779296875,-0.005149244327380242
2025-07-29,394.6600036621094,-0.02263492919060095
2025-07-30,395.0400085449219,9.628664655307801e-4
2025-07-31,401.8599853515625,0.017264015439249093
2025-08-01,366.6300048828125,-0.08766730143069473
2025-08-04,389.239990234375,0.0616697625683676
2025-08-05,375.4599914550781,-0.03540232022665363
2025-08-06,383.4100036621094,0.021174059521552054
2025-08-07,402.010009765625,0.048512052178762116
2025-08-08,395.1300048828125,-0.017114013869514336
2025-08-11,400.25,0.012957748219363867
2025-08-12,394.3900146484375,-0.014640812870861962
2025-08-13,389.8999938964844,-0.011384722191700433
2025-08-14,372.94000244140625,-0.043498311671122725
2025-08-15,366.32000732421875,-0.017750831430928593
2025-08-18,363.6000061035156,-0.007425205193053335
2025-08-19,336.57000732421875,-0.0743399293882342
2025-08-20,344.3699951171875,0.023174934258045763
2025-08-21,337.5799865722656,-0.01971718977029711
2025-08-22,358.1300048828125,0.06087451604939187
2025-08-25,343.20001220703125,-0.04168875121386897
2025-08-26,351.3599853515625,0.023776144680347056
2025-08-27,342.05999755859375,-0.026468545596230606
2025-08-28,338.8399963378906,-0.009413556813674331
2025-08-29,334.4100036621094,-0.01307399576100712
2025-09-02,341.6199951171875,0.02156033424874203
2025-09-03,330.260009765625,-0.033253280000971934
2025-09-04,327.5899963378906,-0.008084579872777204
2025-09-05,335.8699951171875,0.025275493366276432
2025-09-08,329.8999938964844,-0.01777473816504552
2025-09-09,328.5299987792969,-0.004152758843691811
2025-09-10,326.45001220703125,-0.00633119221987073
2025-09-11,326.0199890136719,-0.0013172711817411686
2025-09-12,331.44000244140625,0.01662478869510999
2025-09-15,327.7900085449219,-0.01101253279507093
2025-09-16,335.0899963378906,0.022270318199672415
2025-09-17,329.7099914550781,-0.016055402851798448
2025-09-18,349.1199951171875,0.05886992861953934
2025-09-19,344.75,-0.012517172256835773
2025-09-22,335.92999267578125,-0.025583777590192168
2025-09-23,327.7799987792969,-0.02426098911730767
2025-09-24,323.30999755859375,-0.013637199454970092
2025-09-25,300.70001220703125,-0.06993283697472075
2025-09-26,309.05999755859375,0.027801745966696767
